Line of route,ELR
EA1030,FGW
EA1270,DOC
EA1310,BOK3
EA1310,BOK5
EA1330,NKE1
EA1370,TAH1
EA1370,TAH2
EA1380,FSS1
EA1390,TLL
EA1420,THN
EA1440,FEL
EA1540,SOB1
EA1744,BFC
GW108,MIN
GW174,WEL1
GW175,WEL2
GW178,BRB
GW184,WIN
GW220,RWC
GW225,RFR
GW310,OWW
GW440,BGL2
GW450,BSW
GW500,BHL
GW500,SWY
GW5001,SAL
GW628,SUT2
GW628,TUR
GW640,LIJ
GW640,LIL
GW650,LOF
GW733,SBA2
GW735,SYC
GW736,GNQ2
GW770,WVL
GW834,ABD
GW835,THT
GW871,FOR
GW874,BAL
GW892,VON
GW894,JER
GW900,FSH
GW915,GNT
GW930,CAN
GW980,ERB
MD140,BBM
MD145,CRC2
MD340,BJW3
MD370,DPJ
MD545,KJW
MD705,ANL
MD720,PRA
MD910,OWW
LN101,DUY
LN110,CFP
LN135,EMP
LN185,GRS3
LN3140,BBM
LN3210,JRT1
LN3273,PBS3
LN3520,SSJ1
LN618,HOS
LN624,REB4
LN627,LLP3
LN652,HAH1
LN678,DAE1
LN700,BWO2
LN702,BWC
LN756,SCD
LN758,BKS
LN762,YDS
LN768,PSE
LN776,HLF1
LN776,HLF2
LN804,TJC1
LN812,BLJ
LN814,TST
LN840,TJC3
LN854,TJC3
LN861,BBW
LN868,SHB
LN918,SPW
LN924,ILK2
LN926,GUE2
LN930,SKS2
NW1001,CGJ1
NW1001,CGJ2
NW1001,CGJ4
NW1001,LEC3
NW1009,BHI
NW2007,AEG
NW2009,SDJ2
NW3009,CVS
NW3021,FJH
NW3033,HEG
NW4003,PDB
NW4027,ETC
NW4033,CBC3
NW5008,NBS1
NW5011,HNS
NW5013,DJO2
NW6013,LCN
NW7001,MVM
NW7007,FCO
NW7009,FHR2
NW7021,MVL2
NW7027,PPP2
NW8001,HXS2
NW8007,NMB
NW8011,CWK2
NW9005,CNB2
NW9903,SKW1
SC007,EGS2
SC024,LRK
SC029,CLY
SC057,CNC
SC059,STR3
SC085,AYH1
SC089,KCH2
SC117,GMH
SC119,GHL
SC119,SCM3
SC141,WHL
SC155,MHL3
SC181,CDC1
SC189,CRE
SC191,ECN4
SC191,ECN5
SC193,RSW
SO110,TLP2
SO130,CBM
SO140,SBJ
SO160,FDM
SO180,PWS1
SO240,BME1
SO250,CKL
SO310,LEE
SO480,TRL3
SO500,CJA2
SO500,PPH
SO500,RED1
SO500,VTB1
SO500,VTB3
SO510,LBW
SO511,ELL1
SO520,TBH1
SO520,TBH2
SO620,KJE2
SO630,FJL
SO650,BJN1
SO660,TAT
SO680,WTH
SW115,LAV
SW140,SDP2
SW165,HAG
SW230,HOU
SW255,AJB
EA1360,NJN
SW110,PAS
SW220,WLL
GW425,SAW/SSS
W560,SWY
W570,WEY
W606,NDN
W611,EMT
W620,TOR
W637,DAC
GW830,SWM2
GW940,CAN/ CNW
SC147,ECN2
SC171,ECM9
SC171,EGM4
SC177,MTL2
NW6004,DSE
EA1010,LVS
EA1120,MAH
EA1170,HDT
EA1220,TEN
EA1290,TSE2
EA1310,SAR1
EA1370,GOJ
GW105,MLN1
GW107,WSM
GW180,HLL2
GW250,DWC
GW277,OXD
GW401,BGL1
GW600,SWB
GW606,NDN
GW620,TOR
GW628,FRY
GW628,SUT1
GW660,PAR
GW672,SDS
GW680,FAL1
GW784,NLL
GW830,CEJ
GW840,RAD
GW850,CLL
GW877,PTD
GW893,NAB
GW906,SWL
GW910,CWL1
GW910,VOT
GW950,PEM
MD130,WSA
MD180,RTS
MD232,NMA
MD310,BEA
MD340,ALC1
MD345,BJW2
MD555,NWO
MD565,CBR1
MD570,LSS
MD726,MCJ2
MD745,BSG
MD801,WSJ1
MD810,MJI2
MD900,OWW
MD950,WAH
LN105,MEB1
LN126,DCF
LN150,SPD5
LN155,LCJ
LN3201,SPC5
LN3201,SPC9
LN3207,TCC
LN3219,CAW
LN3239,SPC6
LN3261,THL
LN3273,PBS2
LN3520,SSJ2
LN3615,GSM2
LN3620,GSM4
LN600,ECM3
LN600,ECM5
LN638,WCI
LN652,HAH2
LN670,JAW1
LN774,BAC3
LN778,BOC1
LN836,DOL1
LN852,MRB
LN862,PED1
LN868,PED2
LN872,ELN
LN874,MEW1
LN875,CPM2
LN882,WAG1
LN886,OSC
LN898,HUL1
LN899,PHC
LN922,SKS1
LN930,SKS1
NW1001,CGJ5
NW1001,LEC5
NW1001,LEC6
NW1007,SYC
NW1009,CMP1
NW1011,GSG
NW1019,CHW2
NW1021,NGJ
NW1021,WEE
NW2019,PJL
NW2021,EEE
NW2023,SBH3
NW3007,CWK3
NW3007,WDB2
NW3019,GLA
NW3023,WJP1
NW4021,UCJ
NW4025,SCG
NW4027,BSN
NW4029,GJH
NW4033,CBC2
NW5008,LEC6
NW5012,NSS
NW5013,AMJ
NW5015,HAJ
NW5019,GDW
NW6009,WBS2
NW6009,WBS3
NW7009,FHR6
NW9001,MAS
NW9005,CNB1
NW9011,RYH2
NW9021,BEJ
SC011,WWD
SC015,MDN
SC019,MDW
SC023,HMN1
SC025,ARG1
SC027,RNC
SC045,EKE
SC049,TSS
SC053,NNH
SC059,WCM2
SC089,KCH1
SC091,WAT
SC099,RCB
SC105,GHE
SC151,LHS1
SC169,SUB2
SC173,CWH2
SC175,RHD1
SC175,RHD2
SC178,CWH3
SC191,ECN3
SO110,HHT
SO110,NBB
SO130,TLP1
SO260,RVC
SO290,NKL
SO400,TRL2
SO590,KJE1
SO650,WTH
SO680,BTH2
SO685,SNS
SW115,LUD1
SW140,FJJ
SW150,LAV
SW178,YJP
SW190,NMS1
SW205,LEJ
SW210,RNJ
EA1325,BOK1
EA1360,ACW
SW105,FUR
SW110,TBH2
LN3625,TSN1
MD725,MCJ3
GW548,POD/ PBY
W572,WQL
W618,MOB
W628,PLO
GW780,WVL
GW834,ABD/ MOA
SC055,WCM2
SC107,ECN2
SC161,MHL4
SC171,EGM3
EA1010,LTN1
EA1080,SUD
EA1100,STB
EA1130,GRW
EA1140,IPD
EA1190,HDT
EA1210,HEB
EA1300,SSL
EA1310,AWL
EA1310,KGC
EA1310,KGW
EA1320,CRC1
EA1350,LLS1
EA1370,HPW
EA1370,TAH4
EA1380,FSS2
EA1480,WHC1
EA1480,WHC3
EA1500,NAY
EA1570,MWL
GW108,MLN4
GW176,HAN
GW185,MWB
GW240,DEC
GW401,CHL
GW425,SAW
GW425,SSS
GW450,FEC
GW500,BKE
GW505,RTR1
GW530,MLN1
GW572,FNS1
GW600,BSW
GW606,DAC
GW610,BAE2
GW637,DAC
GW640,LOO
GW680,FAL2
GW680,FAL3
GW700,SWM2
GW731,WSJ2
GW734,DJP
GW773,BJR
GW790,ROC
GW830,BRY
GW834,MOA
GW860,CPL
GW877,OVE
GW900,BSW
GW960,MIL
MD101,LEC2
MD150,KGW
MD155,KGC
MD166,LEC1
MD175,BDN
MD301,RBS2
MD325,SSP
MD350,BJW3
MD405,LSC1
MD410,CNN
MD435,HSJ
MD501,DBP1
MD710,MCJ1
MD726,MCJ4
MD736,BFO
MD736,OXD
LN120,HDB
LN170,SPD2
LN195,NOG1
LN206,NOB1
LN220,BCB
LN3201,SPC6
LN3213,MCL
LN3231,WGP
LN3246,AJM1
LN3252,MJT1
LN3501,DBP1
LN3625,NOB1
LN3645,DEX
LN624,REB2
LN627,LLP2
LN632,DSN2
LN652,SES
LN674,HLK
LN676,HLK
LN676,PLG1
LN694,EJM
LN740,MWN
LN742,BRI1
LN742,BRI2
LN746,TYB1
LN774,BAC2
LN786,BEC
LN804,MGW
LN804,SMJ1
LN808,MAS
LN810,SEL
LN818,HCD
LN826,PED4
LN838,LEH1
LN842,SKA
LN852,LBE2
LN852,LBE3
LN852,LBE4
LN860,MDL1
LN860,MVL4
LN862,PEH
LN880,YMS
LN896,DRA1
LN898,HUL2
LN922,TJC3
LN924,ILK1
NW2001,WJL2
NW2003,RDB
NW2005,SCR
NW2017,SCN
NW2023,SBH1
NW2027,SCT2
NW2029,OME3
NW3001,CNH2
NW3007,WDB1
NW3015,LJT1
NW3023,CDM1
NW3031,NSN
NW5001,CMP1
NW5001,CMP2
NW7001,MPR1
NW7009,FHR4
NW7011,LHL
NW7025,PPA1
NW7025,PPA2
NW7027,PPP1
NW9001,HGC
NW9001,NMC1
NW9011,RYH1
NW9013,WJP1
NW9909,NEC2
SC023,HMN2
SC031,GSW
SC031,MEN1
SC033,MAX
SC047,LFS1
SC055,KHL
SC061,CNL
SC065,GOU1
SC067,WYS
SC069,CON2
SC081,BYL
SC106,PNS
SC107,EGM4
SC109,CMS
SC109,PMT
SC110,PMT
SC116,CSN
SC119,ECN2
SC119,SCM4
SC123,NEM3
SC125,YKR
SC135,BCH
SC136,HYD
SC147,ECM8
SC153,CPH
SC163,SUB1
SC164,NNS
SC165,GGE
SC191,ECN2
SO110,TLP1
SO130,HSE
SO130,LEE
SO130,TML
SO130G,CSM1
SO220,MSW
SO250,BSP2
SO250,FLL1
SO250,WLL
SO280,FTL
SO280,LTC
SO300,BEX
SO300,PSF
SO500,SSC
SO500,WCS
SO530,SCU1
SO540,SCU1
SO550,RTT
SO620,STS
SO645,ATL
SO650,BJN2
SO680,BTH1
SO680,SSC
SO681,ELL4
SW120,NSA
SW125,BKE
SW140,SDP1
SW145,SOY
SW147,MIS
SW185,MPC
SW210,RDG2
EA1320,CRF1
EA1325,ELL1
SW220,CKL
MD137,WCL
MD137,UHL
MD140,LEC1
GW4501,AMB
W628,SUT2
W628,TUR/ CWR
GW710,NO ELR
SC107,ECM9
SC147,EGM3
NW3007,WDB2 /3
NW6005,MVM
NW8007,HXS/ NMM
EA1012,LTN1
EA1100,CTH
EA1120,NTE
EA1160,BGK
EA1170,ENT
EA1180,GRE
EA1220,TLA
EA1310,BOK4
EA1320,DWW1
EA1340,LLS2
EA1380,FSS3
EA1395,BKR
EA1520,SIZ
EA1540,SOB2
GW108,MLN3
GW117,GEC
GW182,STA
GW190,RNJ
GW4501,AFR
GW454,CNX
GW490,SWM2
GW540,BSW
GW560,SWY
GW637,CAL
GW720,EUB
GW736,GNQ3
GW740,MAI
GW750,HNL2
GW870,VOG
GW900,CRL
GW900,SWM2
GW915,GWA
MD101,LEC1
MD166,WLL
MD167,WLL
MD170,ACW
MD232,WNS
MD330,SCL
MD345,BJW1
MD360,WDJ
MD430,OWW
MD501,DBP3
MD560,WOP
MD805,OXC
MD900,ABW
LN147,PMJ
LN170,SPD1
LN185,ABE1
LN185,GRS4
LN3201,SPC1
LN3204,TSN1
LN3216,FTL
LN3249,LSN
LN3264,AML
LN3520,MJS1
LN3535,BCJ
LN3601,GSM1
LN600,ECM2
LN622,NEN1
LN626,LEN2
LN630,PUL
LN634,MBW1
LN642,SSK1
LN644,BOH
LN652,POC1
LN740,PYE3
LN748,WHR
LN774,OXO
LN824,SKM
LN836,HUL4
LN838,HAY2
LN838,LEH3
LN846,CJS
LN848,HPC
LN864,DRS1
LN864,DRS2
LN878,SHG
LN882,WAG2
LN884,OAJ
LN886,MKB1
LN886,MKB2
LN888,FKW
LN892,PEF
LN910,TCW1
NW1001,LEC2
NW1002,RBS3
NW1004,RRN2
NW1021,DSE
NW1025,IMG
NW3001,CNH1
NW3003,CHW1
NW3007,WDB3
NW3013,HHJ
NW3023,CDM2
NW3027,CDM1
NW4007,KBS1
NW4023,ULR
NW4025,MCG
NW4033,CBC1
NW5005,SMA
NW6009,WBS1
NW7001,MVE1
NW7005,CPI1
NW8007,NMM
NW8009,WKL2
NW9017,WJP1
NW9019,BUX
NW9901,SAC
NW9907,EDE
NW9911,NGD
SC001,WCM2
SC017,MDE
SC021,COS1
SC059,AYR6
SC059,LYE
SC059,STR2
SC065,GOU2
SC069,CON3
SC079,HUN
SC099,RSL1
SC099,RSL2
SC101,RCB
SC129,SGN
SC131,HST
SC133,MGE
SC145,MLG1
SC163,SUB2
SC165,SUB2
SC171,ECN1
SC173,CWH3
SC195,ANI2
SC195,HGL2
SC197,WRO
SC199,DFN
SC203,WCK
SC207,TSO
SO110,VIR
SO130,FDM
SO130,NCS
SO240,BME2
SO250,BSF
SO250,FLL3
SO290,PSF
SO320,HTG
SO350,BNG
SO400,TRL3
SO500,CJA1
SO500,VTB2
SO510,LBC
SO510,NFE
SO511,ELL5
SO620,KJE1
SO640,BBR
SO680,BTH3
SO680,LTH
SO700,SMS1
SW100,AHG
SW105,WTQ
SW115,BAE1
SW120,PAA1
SW150,RTJ1
SW195,HAM
SW230,HJW
SW245,TSJ
SW265,GTW2
XR002,XRS
EA1013,NCW
EA1327,ELL3
SW100,CJL
SW105,PPW
MD401,BCV/D CL
MD725,MCJ4
MD740,BFO
GW790,ROA
GW834,VON/ ALK
SC035,KSH
SC147,EGM2
NW2027,SCT1/2
NW5010,SCQ2
NW7015,PRG
NW8017,CCS1/ 2
EA1200,CJC
EA1280,SDC
EA1310,SAR2
EA1470,NOL
EA1480,WHC2
EA1550,EWC
EA1570,WIG
GW103,MLN1
GW108,MLN2
GW430,THO
GW480,SWM1
GW611,EMT
GW628,CWR
GW642,LOO
GW710,SWM2
GW733,SBA1
GW810,CAR
GW820,PTA
GW834,VON
GW839,CAM
GW877,POR
GW890,SDI1
MD105,HNR
MD120,CWJ
MD166,LLG
MD167,WAW
MD175,BNN
MD306,BAG1
MD320,PBJ
MD335,SSP
MD340,ALC2
MD401,BCV
MD425,TSB
MD450,OWW
MD455,KWD
MD580,LEL
MD701,NAJ3
MD712,MCJ2
MD736,DHF
MD741,BFO
MD950,BLW
LN115,CRF1
LN130,FOM
LN160,FWR1
LN190,ACD
LN3201,SPC3
LN3201,TJC1
LN3201,WYM
LN3210,JRT2
LN3214,CBI
LN3237,RUD
LN3252,MJT2
LN3615,GSM3
LN3635,NOG2
LN627,LLP1
LN631,DSN1
LN656,SOT
LN676,PLG2
LN678,DAE3
LN678,ECM5
LN682,NEC2
LN684,NLF
LN696,HJM
LN708,MWJ
LN740,BRI2
LN742,KIL1
LN742,KIL2
LN752,DOW
LN804,TJC3
LN815,PSP
LN828,RSC
LN832,SJB
LN842,CJS
LN850,WWK
LN854,MVN2
LN854,NOC
LN860,MVN2
LN862,PED2
LN870,CTL
LN898,HUL4
LN904,HSC
LN908,SEC
LN920,AWP
LN922,SKW1
LN928,SBF
NW1005,KCS1
NW2001,WJL1
NW2015,DSE
NW2027,SCT1
NW3025,WJP1
NW4001,CGJ5
NW5007,MIA
NW5008,NBS
NW6001,COL
NW6001,MVE2
NW6003,MAJ
NW7005,CPI2
NW7006,SFO
NW7019,MPR2
NW7023,BPP
NW8003,SIL
NW8011,CWK3
NW8011,MIR2
NW8015,BEN
NW9903,CEC
SC001,WCM1
SC003,ECA2
SC009,LNK
SC011,EGS2
SC036,GNN
SC047,LFS2
SC059,AYR4
SC059,AYR5
SC059,STR1
SC097,SYE
SC103,CBD1
SC103,CBD2
SC103,SGN
SC107,EGM2
SC111,NBE
SC115,MRL2
SC1150,MLA
SC123,NEM2
SC123,NEM4
SC139,RVS2
SC145,MLG2
SC155,MHL2
SC159,NDE2
SC161,NDE1
SC173,CWH1
SC205,KYL
SO130,CSW
SO240,MSW
SO280,HHH
SO300,BTC
SO330,NCS
SO400,TRL1
SO400,TRL5
SO460,FJS1
SO490,TRL3
SO510,BJN1
SO511,ELL2
SO520,FJL
SO590,KJE2
SO600,ATH
SO630,BLI1
SO650,LTH
SO680,HHT
SW100,BML1
SW110,WPH1
SW115,LUD2
SW130,ECR
SW160,BLP
SW170,SAL
SW255,VWW
SW260,AAV
EA1320,CRC1/2
EA1327,ELL4
EA1330,BOK 5
EA1360,BDH
LN3140,SPC1
MD320,RBS1
MD720,NAJ2
GW317,OWW
W572,FNS2
W600,SWB
W608,DAC
W610,BAE2
SC161,SUB1
SC195,ECN5
EA1011,LTN1
EA1013,LTN2
EA1090,COC
EA1150,CST
EA1161,BGK
EA1162,BGK
EA1320,CFP
EA1360,CAW
EA1360,WAW
EA1400,GFB
EA1430,ESK
EA1460,FED
EA1490,CRS
EA1510,RBY
GW105,HIW
GW108,MLN1
GW130,AWL
GW180,HLL1
GW187,HEN
GW200,DCL
GW560,WEY
GW572,FNS2
GW608,DAC
GW618,MOB
GW628,PLO
GW660,NEW
GW690,SIV
GW730,SHL
GW736,GNQ4
GW770,EBW
GW773,WVL
GW820,TBD
GW864,PTH
GW897,HDY
GW900,NPF
GW940,CNW
MD175,NMH
MD232,PVS
MD301,RBS3
MD355,LTV
MD401,DCL
MD435,DCL
MD565,CBR2
MD701,MCJ1
MD810,MJI1
MD940,WAH
LN101,ECM1
LN101,PMJ
LN170,SPD3
LN185,GRS1
LN210,NSE
LN215,BHP
LN3201,MCL
LN3201,SPC2
LN3201,SPC7
LN3204,TSN2
LN3222,BDH
LN3255,RAC
LN3273,PBS1
LN3273,TCC
LN3340,BJW3
LN3505,NSS
LN3635,NOG1
LN600,ECM4
LN600,ECM7
LN620,KEB
LN632,DSN3
LN648,NWE
LN662,HNB
LN666,BGE
LN682,NEC1
LN706,WSB
LN736,MAC3
LN736,NUJ1
LN740,PYE1
LN740,PYE2
LN741,HAU
LN754,SAN
LN784,HIM
LN804,SMJ2
LN806,CHR
LN807,MAS
LN816,BEW
LN826,SJM2
LN838,HAY1
LN859,GRD
LN872,TJC3
LN875,CPM1
LN888,HTM
LN896,DRA2
LN902,CFM
LN914,HBS
NW1013,CSG
NW1019,CHW1
NW1027,PSR1
NW1027,PSR2
NW2011,WOA1
NW2023,SBH2
NW3005,WSJ2
NW3035,HNO
NW4001,CGJ6
NW4001,CGJ7
NW4017,MHH
NW4019,OXW
NW5013,DJO1
NW5017,DSD
NW5021,SAJ
NW6001,MVE1
NW7009,FHR1
NW7013,DJH
NW7021,MVL1
NW8017,CCS2
NW9005,CNB3
NW9901,NEC2
NW9903,SJC
SC003,ECA3
SC021,COS2
SC025,ARG2
SC031,MEN2
SC031,WCM2
SC037,RIC2
SC051,CTC
SC059,AYR2
SC069,CON1
SC075,MSK
SC077,ARH
SC087,ANN
SC093,SCM2
SC107,EGM3
SC113,DMY
SC115,MRL1
SC123,NEM5
SC123,NEM7
SC143,OBN1
SC147,ECM9
SC157,MLE
SC171,ECN2
SC195,RSW
SC201,BGD
SO130,BEX
SO130,TLP2
SO150,SEJ1
SO150,SEJ2
SO150,WMS
SO210,APL
SO220,ACR
SO250,BSP1
SO280,BMJ
SO290,BTC
SO290,CRA
SO310,HDR
SO330,LCH
SO330,NBB
SO420,CRF1
SO470,TRL3
SO650,BBJ
SO650,SCP
SO681,ELL3
SW100,RDG1
SW100,SCC
SW135,ETF
SW180,BTH3
SW210,RDG1
SW230,NKE2
SW245,SHF
SW265,GTW1
SW100,FLL2/3
LN3240,LED
MD101,LLG
MD136,WEF1
W580,ESB
W606,DAC
W628,SUT1
W628,FRY
GW733,SBA1/2
SC147,EGM4
NW1003,HCM2
NW1003,HCM3
EA1110,TWN
EA1290,TSE1
EA1320,BOK1
EA1320,DWW2
EA1350,CHM
EA1450,TFN
EA1560,EMP
EA1580,ETN
GW180,HLL
GW260,THA
GW401,YAT
GW451,FWC
GW454,AMB
GW500,CCL
GW500,FRA
GW500,WES
GW500,WEY
GW510,BFB
GW523,WEY
GW5401,PAC
GW570,WEY
GW700,BAG2
GW730,HDC
GW828,CRY
GW830,CAM
GW890,SDI2
GW910,CWL2
MD136,WCL
MD233,MYC
MD301,RBS1
MD315,SAS
MD345,RRN2
MD365,PJW
MD415,HSA
MD420,HHW
MD460,SJT1
MD501,DBP2
MD701,NAJ1
MD711,MCJ2
MD726,MCJ3
MD801,WSJ2
LN125,SBR
LN170,SPD5
LN175,SSE
LN180,SNW
LN200,NOB3
LN206,NOB2
LN3201,SPC8
LN3207,SPC9
LN3258,BPC
LN3515,MJS1
LN3605,BSC
LN3610,BSC
LN3615,PMJ
LN600,ECM6
LN600,ECM8
LN629,PDL
LN650,KBF
LN652,POC2
LN664,BNW
LN666,GLT
LN672,FEP
LN750,MAC3
LN756,NOP1
LN764,UDS
LN782,SHW
LN826,SJM1
LN830,WME
LN838,LEH2
LN860,MVL3
LN868,CHS
LN876,BOO
LN886,TJC3
LN889,KWS
LN898,HUL3
LN932,BIB
NW1001,CGJ6
NW1001,LEC4
NW1023,HOB2
NW2027,BSJ
NW3011,CRR1
NW3017,LLJ
NW3023,EJN
NW3035,HWG
NW3037,HCN
NW4001,WCM1
NW4005,PBN
NW4009,WPS
NW4013,HBL
NW4041,DAP
NW5003,STY
NW5009,MCH
NW6001,OLW
NW6003,AHX
NW6004,OCD
NW6015,WKL1
NW7009,FHR3
NW7009,FHR5
NW7017,GJC
NW7021,MVL3
NW8001,HXS3
NW8007,AFL
NW8011,MIR1
NW8013,MIR2
NW8017,CCS1
NW9001,BEJ
NW9003,CYC
NW9005,CNB4
NW9017,NMC2
NW9907,WAR
SC003,ECA1
SC005,CSP
SC013,SHR
SC031,GBK
SC037,RIC1
SC039,BAK
SC059,AYR1
SC063,CND2
SC073,LGS2
SC093,SCM1
SC093,SCM3
SC107,EGM1
SC109,GHL
SC109,SCM3
SC119,SCM5
SC123,NEM6
SC143,OBN2
SC149,NBK
SC167,CKT
SC177,MTL1
SC183,KNE2
SC183,SAA
SC193,HGL1
SC193,HGL2
SC195,ANI1
SC195,ANI3
SO130,LLL
SO130,LVT
SO140,OJS
SO170,TTH
SO180,PWS2
SO330,NTL
SO510,BJN2
SO520,WPH2
SO560,RSJ
SO590,KJE3
SO600,WJB
SO620,BTL
SO620,NHB
SW105,BML3
SW115,BAE2
SW120,PAA2
SW150,RTJ2
SW155,TTF
SW166,FUR
SW175,WEY
SW180,RPE
SW230,BOK5
SW250,SWE
SW265,NSA
XR001,XRE
EA1270,MIT
EA1325,ELL2
EA1370,JRT2
SW175,YJP
LN3228,TCC
MD560,CBR2
MD725,MCJ2
W560,WEY
GW680,FAL1- 3
SC147,ECN1
SC171,EGM2
EA1020,CNS
EA1040,ROU
EA1050,SSV
EA1060,WIS
EA1070,BRA
EA1230,SBR
EA1310,BOK2
EA1310,WMB
EA1320,CRC2
EA1325,ELL5
EA1330,BOK5
EA1370,TAH3
EA1410,UPG
EA1530,CCH
EA1575,WMY
GW108,LAN1
GW110,ANL
GW185,WBB
GW195,RLL
GW317,STD
GW401,BAG2
GW401,BGL2
GW510,WEY
GW520,WYL
GW528,BRL
GW530,BLL
GW548,POD
GW580,ESB
GW613,EXR
GW730,HNL1
GW732,AFE
GW736,GNQ1
GW750,BNC
GW770,GAE
GW780,NWN
GW784,NML
GW820,VON
GW834,ALK
GW8901,RSB
GW900,MRJ
GW9001,SWA
GW910,LLA
GW960,SWM2
GW970,GOB
MD160,WMB
MD166,WFL
MD175,BPH
MD306,BAG2
MD325,PBL
MD345,RRN1
MD405,LSC2
MD435,GSJ2
MD440,GSJ1
MD445,SJS
MD555,DBP3
MD570,SKN
MD575,SAG
MD701,NAJ2
MD715,NJN
MD900,STO
LN115,CRF2
LN145,WDU
LN165,HPW
LN170,SPD4
LN170,WEB
LN185,GRS2
LN3201,SPC4
LN3228,TES
LN3232,WNS
LN3234,SEN
LN3525,KSL
LN627,LEN3
LN628,NEK
LN634,MBW2
LN634,MBW3
LN636,DSN2
LN640,WCI
LN646,STF
LN678,DAE2
LN694,BNE
LN736,NUJ2
LN738,MWN
LN744,BAR
LN766,HJB
LN772,SWP
LN802,WKC
LN804,SMJ3
LN804,TJC2
LN808,DWS
LN809,BTJ
LN826,PED5
LN828,WME
LN830,ANS
LN836,DOL2
LN844,JCA
LN852,LBE1
LN858,MRB
LN868,BAH2
LN874,MEW2
LN888,CJS
LN894,KES
LN900,HUE
LN906,HNC
LN912,TJG1
LN912,TJG2
LN916,HJS
NW1001,CGJ3
NW1015,CIL
NW1017,LLI
NW2001,WJL3
NW2001,WJL4
NW2025,SHS1
NW3001,CNH3
NW3023,SJD
NW3029,SNJ
NW4011,MSM
NW4031,GSW
NW5009,CMD1
NW5009,CMD2
NW6005,MVE1
NW6007,DSE
NW6011,BBB
NW6015,WKL2
NW7001,MVN2
NW7005,CEH
NW8001,HXS1
NW8005,SJO1
NW8005,SJO2
NW8009,WJK
NW8011,CWK1
NW8013,CRR2
NW9001,TTA1
NW9007,TTA1
NW9007,TTA2
NW9009,MRH
NW9017,NMC1
NW9901,SKW1
SC011,EGS1
SC029,BRD
SC059,AYR3
SC059,STR4
SC063,CND1
SC073,LGS1
SC083,SDG
SC123,NBE
SC123,NEM1
SC139,RVS1
SC155,MHL1
SC164,SBO
SC165,MHY
SC173,TNW
SC176,IGE
SC181,CDC2
SC183,KNE1
SO130,XTD
SO130G,CSM2
SO130G,CSM3
SO250,FLL2
SO260,CAT
SO270,NTL
SO280,LOC
SO290,AGW
SO310,CRA
SO330,LLL
SO500,RED2
SO510,SCP
SO510,WCS
SO530,HGG1
SO600,TTH
SO630,BLI2
SO630,PPH
SO660,PAT
SO685,SLJ
SO700,SMS2
SW100,JAT
SW105,BML1
SW105,BML2
SW110,WPH2
SW190,NMS2
SW200,NGL
SW220,CJL
SW225,PPW
SW300,RSJ
XR001,XRC
EA1410,FSS2
EA1500,RBY
SW180,BTH2
SW210,RLL
MD137,WEF1
W600,BSW
SC107,ECN1
SC203,RSW
NW1019,CHW1/ 2
NW4001,UCJ
NW5010,SCQ1
NW5010,SCQ3
NW9017,NMC1/ 2
